{"episode_rewards": [148.0, 264.0, 456.0, 302.0, 464.0, 408.0, 258.0, 248.0, 302.0, 138.0, 192.0, 328.0, 352.0, 154.0, 522.0, 400.0, 174.0, 236.0, 340.0, 534.0], "timestamps": [1538664228.9259186, 1538664237.22614, 1538664248.1136203, 1538664254.8155825, 1538664264.7529547, 1538664274.408124, 1538664280.802938, 1538664286.603817, 1538664296.0138812, 1538664300.3155887, 1538664306.1902423, 1538664313.7597165, 1538664322.664855, 1538664327.0872574, 1538664339.1338809, 1538664347.447615, 1538664352.1237178, 1538664357.9572072, 1538664366.8891704, 1538664378.0697963], "initial_reset_timestamp": 1538664223.1693685, "episode_lengths": [2019, 3100, 5063, 3179, 4698, 4559, 2962, 2738, 3504, 1955, 2683, 3567, 4203, 2077, 5408, 3919, 2202, 2769, 4124, 5280], "episode_types": ["t", "t", "t", "t", "t", "t", "t", "t", "t", "t", "t", "t", "t", "t", "t", "t", "t", "t", "t", "t"]}