{"episode_rewards": [200.0, 200.0, 200.0, 200.0, 200.0, 200.0, 200.0, 200.0, 200.0, 200.0, 200.0, 200.0, 200.0, 200.0, 200.0, 200.0, 200.0, 200.0, 200.0, 200.0, 200.0, 200.0, 200.0, 200.0, 200.0, 200.0, 200.0, 200.0, 200.0, 200.0, 200.0, 200.0, 200.0, 200.0, 200.0, 200.0, 200.0, 200.0, 200.0, 200.0, 200.0, 200.0, 200.0, 200.0, 200.0, 200.0, 200.0, 200.0, 200.0, 200.0, 200.0, 200.0, 200.0, 200.0, 200.0, 200.0, 200.0, 200.0, 200.0, 200.0, 200.0, 200.0, 200.0, 200.0, 200.0, 200.0, 200.0, 200.0, 200.0, 200.0, 200.0, 200.0, 200.0, 200.0, 200.0, 200.0, 200.0, 200.0, 200.0, 200.0, 200.0, 200.0, 200.0, 200.0, 200.0, 200.0, 200.0, 200.0, 200.0, 200.0, 200.0, 200.0, 200.0, 200.0, 200.0, 200.0, 200.0, 200.0, 200.0, 200.0], "timestamps": [1535776436.9655578, 1535776438.8825748, 1535776439.0063367, 1535776439.0598469, 1535776439.1184473, 1535776439.1840017, 1535776439.2472076, 1535776439.3041143, 1535776441.234905, 1535776441.3671157, 1535776441.4248965, 1535776441.4867723, 1535776441.5570917, 1535776441.632983, 1535776441.690827, 1535776441.7518125, 1535776441.8070202, 1535776441.8668087, 1535776441.9240992, 1535776441.9745924, 1535776442.039772, 1535776442.1081796, 1535776442.1827648, 1535776442.2462323, 1535776442.317518, 1535776442.3877714, 1535776442.457034, 1535776444.3381553, 1535776444.4503758, 1535776444.5169675, 1535776444.5767334, 1535776444.6310518, 1535776444.686873, 1535776444.7442288, 1535776444.8018568, 1535776444.8584187, 1535776444.911906, 1535776444.9632268, 1535776445.0186052, 1535776445.0713859, 1535776445.1213236, 1535776445.175093, 1535776445.2275164, 1535776445.2832682, 1535776445.3388028, 1535776445.4061935, 1535776445.4668655, 1535776445.5232692, 1535776445.5955083, 1535776445.6610405, 1535776445.7138624, 1535776445.7858787, 1535776445.8511767, 1535776445.9209855, 1535776445.9842823, 1535776446.0421536, 1535776446.1004813, 1535776446.1606412, 1535776446.218297, 1535776446.2770095, 1535776446.3315003, 1535776446.4000318, 1535776446.4718287, 1535776446.5374496, 1535776448.4603615, 1535776448.5757647, 1535776448.6357634, 1535776448.6909046, 1535776448.7459116, 1535776448.797406, 1535776448.8509355, 1535776448.9022405, 1535776448.9531674, 1535776449.021528, 1535776449.0935118, 1535776449.157442, 1535776449.231252, 1535776449.307259, 1535776449.3821502, 1535776449.4506507, 1535776449.5183034, 1535776449.5779283, 1535776449.6416054, 1535776449.7063067, 1535776449.762258, 1535776449.8211534, 1535776449.875894, 1535776449.942582, 1535776450.0011387, 1535776450.070061, 1535776450.132665, 1535776450.1916037, 1535776450.2510831, 1535776450.3080087, 1535776450.3712175, 1535776450.4372857, 1535776450.50093, 1535776450.5603335, 1535776450.6194253, 1535776450.6761465], "episode_types": ["t", "t", "t", "t", "t", "t", "t", "t", "t", "t", "t", "t", "t", "t", "t", "t", "t", "t", "t", "t", "t", "t", "t", "t", "t", "t", "t", "t", "t", "t", "t", "t", "t", "t", "t", "t", "t", "t", "t", "t", "t", "t", "t", "t", "t", "t", "t", "t", "t", "t", "t", "t", "t", "t", "t", "t", "t", "t", "t", "t", "t", "t", "t", "t", "t", "t", "t", "t", "t", "t", "t", "t", "t", "t", "t", "t", "t", "t", "t", "t", "t", "t", "t", "t", "t", "t", "t", "t", "t", "t", "t", "t", "t", "t", "t", "t", "t", "t", "t", "t"], "episode_lengths": [200, 200, 200, 200, 200, 200, 200, 200, 200, 200, 200, 200, 200, 200, 200, 200, 200, 200, 200, 200, 200, 200, 200, 200, 200, 200, 200, 200, 200, 200, 200, 200, 200, 200, 200, 200, 200, 200, 200, 200, 200, 200, 200, 200, 200, 200, 200, 200, 200, 200, 200, 200, 200, 200, 200, 200, 200, 200, 200, 200, 200, 200, 200, 200, 200, 200, 200, 200, 200, 200, 200, 200, 200, 200, 200, 200, 200, 200, 200, 200, 200, 200, 200, 200, 200, 200, 200, 200, 200, 200, 200, 200, 200, 200, 200, 200, 200, 200, 200, 200], "initial_reset_timestamp": 1535776434.796723}